{"stats":{"minecraft:dropped":{"minecraft:bread":1,"minecraft:oak_log":11,"minecraft:melon_slice":8,"minecraft:iron_axe":1,"minecraft:wooden_pickaxe":1,"minecraft:stone_pickaxe":3,"minecraft:iron_pickaxe":1},"minecraft:mined":{"minecraft:diamond_ore":7,"minecraft:oak_sapling":1,"minecraft:crafting_table":1,"minecraft:emerald_ore":10,"minecraft:grass_block":12,"minecraft:melon":3,"minecraft:chest":3,"minecraft:cobblestone":541,"minecraft:lapis_ore":44,"minecraft:cactus":1,"minecraft:redstone_ore":33,"minecraft:iron_ore":36,"minecraft:wheat":11,"minecraft:fire":6,"minecraft:ice":66,"minecraft:pumpkin":1,"minecraft:oak_log":32,"minecraft:coal_ore":51,"minecraft:cobblestone_slab":43,"minecraft:dirt":4,"minecraft:gold_ore":16,"minecraft:oak_leaves":29},"minecraft:crafted":{"minecraft:oak_planks":80,"minecraft:cobblestone_slab":432,"minecraft:crafting_table":2,"minecraft:wooden_pickaxe":1,"minecraft:iron_sword":1,"minecraft:furnace":1,"minecraft:bone_meal":12,"minecraft:stone_axe":1,"minecraft:bread":2,"minecraft:air":0,"minecraft:diamond_pickaxe":1,"minecraft:iron_axe":1,"minecraft:melon_seeds":3,"minecraft:stick":24,"minecraft:iron_ingot":34,"minecraft:iron_pickaxe":2,"minecraft:stone_pickaxe":6,"minecraft:chest":1,"minecraft:torch":4,"minecraft:stone_hoe":1},"minecraft:killed":{"minecraft:spider":1,"minecraft:creeper":6,"minecraft:zombie":6,"minecraft:stray":1},"minecraft:custom":{"minecraft:interact_with_furnace":15,"minecraft:mob_kills":14,"minecraft:interact_with_crafting_table":27,"minecraft:leave_game":2,"minecraft:time_since_death":17447,"minecraft:time_since_rest":17515,"minecraft:sprint_one_cm":278420,"minecraft:damage_taken":1475,"minecraft:walk_one_cm":111756,"minecraft:drop":11,"minecraft:damage_dealt":3755,"minecraft:swim_one_cm":96,"minecraft:fly_one_cm":166051,"minecraft:open_chest":52,"minecraft:crouch_one_cm":66291,"minecraft:play_time":134187,"minecraft:deaths":5,"minecraft:sneak_time":17928,"minecraft:walk_under_water_one_cm":1537,"minecraft:jump":1000,"minecraft:walk_on_water_one_cm":13614,"minecraft:total_world_time":134187,"minecraft:fall_one_cm":10322},"minecraft:picked_up":{"minecraft:wheat":16,"minecraft:crafting_table":3,"minecraft:water_bucket":1,"minecraft:oak_log":31,"minecraft:gunpowder":2,"minecraft:string":2,"minecraft:lapis_lazuli":353,"minecraft:dirt":16,"minecraft:bone":4,"minecraft:wheat_seeds":24,"minecraft:raw_gold":14,"minecraft:cobblestone_slab":207,"minecraft:iron_pickaxe":1,"minecraft:stone_hoe":1,"minecraft:melon_slice":16,"minecraft:chest":3,"minecraft:oak_planks":96,"minecraft:iron_sword":2,"minecraft:tipped_arrow":3,"minecraft:stick":7,"minecraft:raw_iron":36,"minecraft:pumpkin":2,"minecraft:redstone":148,"minecraft:pumpkin_seeds":1,"minecraft:arrow":15,"minecraft:cactus":12,"minecraft:rotten_flesh":10,"minecraft:diamond":8,"minecraft:emerald":8,"minecraft:oak_sapling":7,"minecraft:coal":45,"minecraft:snowball":22,"minecraft:cobblestone":1075,"minecraft:diamond_pickaxe":1},"minecraft:used":{"minecraft:wheat_seeds":21,"minecraft:water_bucket":9,"minecraft:stone_pickaxe":406,"minecraft:oak_planks":1,"minecraft:cactus":4,"minecraft:chest":3,"minecraft:wooden_pickaxe":4,"minecraft:iron_sword":60,"minecraft:cobblestone_slab":449,"minecraft:stone_hoe":25,"minecraft:rotten_flesh":8,"minecraft:torch":6,"minecraft:dirt":16,"minecraft:crafting_table":2,"minecraft:snowball":6,"minecraft:pumpkin_seeds":2,"minecraft:diamond_pickaxe":160,"minecraft:lava_bucket":3,"minecraft:bread":1,"minecraft:melon_slice":7,"minecraft:iron_pickaxe":251,"minecraft:melon_seeds":3,"minecraft:stone_axe":43,"minecraft:cobblestone":720,"minecraft:oak_sapling":6,"minecraft:furnace":1,"minecraft:bucket":12,"minecraft:ice":8,"minecraft:bone_meal":12},"minecraft:broken":{"minecraft:stone_pickaxe":2,"minecraft:iron_pickaxe":1}},"DataVersion":3465}