{"stats":{"minecraft:mined":{"minecraft:diamond_ore":7,"minecraft:oak_sapling":1,"minecraft:crafting_table":2,"minecraft:emerald_ore":10,"minecraft:grass_block":16,"minecraft:melon":3,"minecraft:chest":5,"minecraft:cobblestone":588,"minecraft:lapis_ore":44,"minecraft:cactus":1,"minecraft:redstone_ore":33,"minecraft:iron_ore":36,"minecraft:wheat":16,"minecraft:fire":6,"minecraft:ice":68,"minecraft:pumpkin":1,"minecraft:oak_log":44,"minecraft:coal_ore":51,"minecraft:cobblestone_slab":68,"minecraft:dirt":7,"minecraft:gold_ore":16,"minecraft:oak_leaves":29},"minecraft:used":{"minecraft:oak_trapdoor":99,"minecraft:wheat_seeds":27,"minecraft:water_bucket":34,"minecraft:stone_pickaxe":406,"minecraft:oak_planks":1,"minecraft:oak_sign":11,"minecraft:cactus":6,"minecraft:chest":7,"minecraft:wooden_pickaxe":4,"minecraft:iron_sword":156,"minecraft:cobblestone_slab":1171,"minecraft:stone_hoe":26,"minecraft:rotten_flesh":24,"minecraft:torch":25,"minecraft:dirt":23,"minecraft:crafting_table":4,"minecraft:snowball":6,"minecraft:pumpkin_seeds":2,"minecraft:diamond_pickaxe":243,"minecraft:lava_bucket":3,"minecraft:iron_axe":18,"minecraft:bread":1,"minecraft:melon_slice":7,"minecraft:iron_pickaxe":251,"minecraft:melon_seeds":3,"minecraft:stone_axe":43,"minecraft:cobblestone":1204,"minecraft:oak_sapling":9,"minecraft:furnace":1,"minecraft:bucket":14,"minecraft:ice":8,"minecraft:bone_meal":12},"minecraft:dropped":{"minecraft:bread":1,"minecraft:oak_log":23,"minecraft:cobblestone":192,"minecraft:rotten_flesh":4,"minecraft:diamond_sword":1,"minecraft:cobblestone_slab":172,"minecraft:melon_slice":10,"minecraft:iron_axe":1,"minecraft:bow":1,"minecraft:wooden_pickaxe":1,"minecraft:stone_pickaxe":3,"minecraft:iron_pickaxe":3},"minecraft:crafted":{"minecraft:oak_planks":80,"minecraft:cobblestone_slab":792,"minecraft:oak_sign":12,"minecraft:diamond_sword":1,"minecraft:crafting_table":2,"minecraft:wooden_pickaxe":1,"minecraft:iron_sword":1,"minecraft:furnace":1,"minecraft:bone_meal":27,"minecraft:stone_axe":1,"minecraft:bread":2,"minecraft:air":0,"minecraft:white_wool":1,"minecraft:diamond_pickaxe":1,"minecraft:iron_axe":1,"minecraft:melon_seeds":3,"minecraft:stick":32,"minecraft:iron_ingot":34,"minecraft:iron_pickaxe":3,"minecraft:stone_pickaxe":6,"minecraft:chest":2,"minecraft:torch":4,"minecraft:stone_hoe":1},"minecraft:picked_up":{"minecraft:wheat":24,"minecraft:crafting_table":5,"minecraft:water_bucket":3,"minecraft:oak_log":171,"minecraft:gunpowder":90,"minecraft:oak_trapdoor":128,"minecraft:lapis_lazuli":353,"minecraft:dirt":28,"minecraft:string":15,"minecraft:iron_axe":1,"minecraft:bone":24,"minecraft:oak_sign":5,"minecraft:bow":2,"minecraft:wheat_seeds":40,"minecraft:raw_gold":14,"minecraft:bucket":4,"minecraft:iron_ingot":1,"minecraft:cobblestone_slab":634,"minecraft:glass_bottle":1,"minecraft:iron_pickaxe":2,"minecraft:glowstone_dust":4,"minecraft:melon_slice":18,"minecraft:stone_hoe":3,"minecraft:chest":6,"minecraft:iron_sword":4,"minecraft:oak_planks":156,"minecraft:tipped_arrow":3,"minecraft:stick":11,"minecraft:raw_iron":36,"minecraft:pumpkin":2,"minecraft:torch":128,"minecraft:lava_bucket":2,"minecraft:redstone":162,"minecraft:sugar":2,"minecraft:arrow":43,"minecraft:pumpkin_seeds":1,"minecraft:cactus":16,"minecraft:rotten_flesh":69,"minecraft:diamond":8,"minecraft:bone_meal":15,"minecraft:emerald":8,"minecraft:oak_sapling":10,"minecraft:coal":45,"minecraft:snowball":79,"minecraft:cobblestone":1444,"minecraft:diamond_pickaxe":2},"minecraft:killed":{"minecraft:witch":1,"minecraft:spider":2,"minecraft:creeper":47,"minecraft:skeleton":8,"minecraft:zombie":43,"minecraft:stray":1,"minecraft:enderman":1},"minecraft:custom":{"minecraft:interact_with_furnace":15,"minecraft:mob_kills":107,"minecraft:interact_with_crafting_table":35,"minecraft:leave_game":4,"minecraft:time_since_death":29693,"minecraft:time_since_rest":29721,"minecraft:sprint_one_cm":394295,"minecraft:damage_taken":2560,"minecraft:walk_one_cm":183559,"minecraft:drop":24,"minecraft:damage_dealt":6711,"minecraft:player_kills":1,"minecraft:swim_one_cm":96,"minecraft:fly_one_cm":385434,"minecraft:open_chest":65,"minecraft:crouch_one_cm":87878,"minecraft:play_time":191655,"minecraft:deaths":6,"minecraft:sneak_time":22935,"minecraft:walk_under_water_one_cm":1537,"minecraft:jump":1413,"minecraft:walk_on_water_one_cm":16764,"minecraft:total_world_time":191655,"minecraft:fall_one_cm":21117},"minecraft:broken":{"minecraft:stone_pickaxe":2,"minecraft:iron_pickaxe":1}},"DataVersion":3465}