{"stats":{"minecraft:dropped":{"minecraft:wheat_seeds":1,"minecraft:diamond":1,"minecraft:melon_slice":1,"minecraft:oak_sapling":2,"minecraft:raw_iron":6,"minecraft:cobblestone":246,"minecraft:stone_pickaxe":1},"minecraft:mined":{"minecraft:diamond_ore":13,"minecraft:redstone_ore":75,"minecraft:iron_ore":85,"minecraft:fire":10,"minecraft:ice":37,"minecraft:emerald_ore":19,"minecraft:coal_ore":98,"minecraft:dirt":1,"minecraft:cobblestone":784,"minecraft:lapis_ore":69,"minecraft:gold_ore":42,"minecraft:oak_leaves":9},"minecraft:crafted":{"minecraft:oak_planks":44,"minecraft:stick":4,"minecraft:iron_pickaxe":2,"minecraft:stone_pickaxe":2},"minecraft:killed":{"minecraft:zombie":1,"minecraft:spider":1},"minecraft:custom":{"minecraft:time_since_rest":13078,"minecraft:interact_with_furnace":1,"minecraft:sprint_one_cm":128922,"minecraft:damage_taken":1000,"minecraft:walk_one_cm":149423,"minecraft:mob_kills":2,"minecraft:drop":13,"minecraft:damage_dealt":155,"minecraft:interact_with_crafting_table":8,"minecraft:fly_one_cm":175012,"minecraft:open_chest":42,"minecraft:crouch_one_cm":1430,"minecraft:play_time":130161,"minecraft:deaths":4,"minecraft:sneak_time":696,"minecraft:walk_under_water_one_cm":459,"minecraft:jump":912,"minecraft:leave_game":2,"minecraft:time_since_death":13038,"minecraft:walk_on_water_one_cm":12548,"minecraft:total_world_time":130161,"minecraft:fall_one_cm":3561},"minecraft:picked_up":{"minecraft:stick":5,"minecraft:raw_iron":60,"minecraft:wooden_pickaxe":1,"minecraft:oak_log":11,"minecraft:redstone":235,"minecraft:lapis_lazuli":351,"minecraft:iron_axe":1,"minecraft:apple":1,"minecraft:diamond":11,"minecraft:raw_gold":29,"minecraft:stone_pickaxe":4,"minecraft:bread":1,"minecraft:emerald":16,"minecraft:iron_pickaxe":1,"minecraft:oak_sapling":10,"minecraft:melon_slice":8,"minecraft:coal":73,"minecraft:cobblestone":544},"minecraft:used":{"minecraft:melon_slice":5,"minecraft:stone_pickaxe":607,"minecraft:iron_pickaxe":648,"minecraft:wooden_pickaxe":7},"minecraft:broken":{"minecraft:stone_pickaxe":4,"minecraft:iron_pickaxe":1}},"DataVersion":3465}