{"stats":{"minecraft:used":{"minecraft:melon_slice":7,"minecraft:stone_pickaxe":607,"minecraft:iron_pickaxe":658,"minecraft:wooden_pickaxe":7,"minecraft:cobblestone_slab":127,"minecraft:rotten_flesh":8,"minecraft:torch":4,"minecraft:diamond_sword":31,"minecraft:cobblestone":8,"minecraft:oak_sapling":3},"minecraft:mined":{"minecraft:diamond_ore":13,"minecraft:redstone_ore":75,"minecraft:iron_ore":85,"minecraft:fire":10,"minecraft:ice":38,"minecraft:emerald_ore":19,"minecraft:coal_ore":98,"minecraft:cobblestone_slab":4,"minecraft:dirt":1,"minecraft:cobblestone":788,"minecraft:lapis_ore":69,"minecraft:gold_ore":42,"minecraft:oak_leaves":9},"minecraft:dropped":{"minecraft:diamond_sword":1,"minecraft:wheat_seeds":1,"minecraft:diamond":1,"minecraft:melon_slice":1,"minecraft:oak_sapling":2,"minecraft:raw_iron":6,"minecraft:cobblestone":246,"minecraft:stone_pickaxe":1},"minecraft:crafted":{"minecraft:oak_planks":44,"minecraft:stick":88,"minecraft:iron_pickaxe":2,"minecraft:stone_pickaxe":2,"minecraft:torch":12},"minecraft:killed_by":{"minecraft:player":1},"minecraft:picked_up":{"minecraft:tipped_arrow":1,"minecraft:crafting_table":1,"minecraft:stick":6,"minecraft:raw_iron":60,"minecraft:water_bucket":2,"minecraft:diamond_sword":2,"minecraft:wooden_pickaxe":1,"minecraft:oak_log":23,"minecraft:redstone":235,"minecraft:dirt":1,"minecraft:lapis_lazuli":351,"minecraft:iron_axe":1,"minecraft:bone":3,"minecraft:rotten_flesh":16,"minecraft:apple":1,"minecraft:diamond":11,"minecraft:bow":2,"minecraft:raw_gold":29,"minecraft:stone_pickaxe":4,"minecraft:cobblestone_slab":303,"minecraft:bread":1,"minecraft:emerald":16,"minecraft:iron_pickaxe":3,"minecraft:oak_sapling":10,"minecraft:melon_slice":10,"minecraft:oak_planks":48,"minecraft:coal":73,"minecraft:snowball":6,"minecraft:cobblestone":875,"minecraft:diamond_pickaxe":1},"minecraft:killed":{"minecraft:skeleton":2,"minecraft:zombie":12,"minecraft:witch":1,"minecraft:spider":1,"minecraft:creeper":7},"minecraft:custom":{"minecraft:time_since_rest":29517,"minecraft:interact_with_furnace":1,"minecraft:sprint_one_cm":172439,"minecraft:damage_taken":1439,"minecraft:walk_one_cm":217684,"minecraft:mob_kills":23,"minecraft:drop":14,"minecraft:damage_dealt":749,"minecraft:interact_with_crafting_table":11,"minecraft:fly_one_cm":258279,"minecraft:open_chest":53,"minecraft:crouch_one_cm":6062,"minecraft:play_time":160086,"minecraft:deaths":5,"minecraft:sneak_time":2849,"minecraft:walk_under_water_one_cm":670,"minecraft:jump":1227,"minecraft:leave_game":3,"minecraft:time_since_death":29484,"minecraft:walk_on_water_one_cm":12558,"minecraft:total_world_time":160086,"minecraft:fall_one_cm":4722},"minecraft:broken":{"minecraft:stone_pickaxe":4,"minecraft:iron_pickaxe":1}},"DataVersion":3465}